300015,爱尔眼科
002468,艾迪西
002106,莱宝高科
300037,新宙邦
002358,森源电气
300011,鼎汉技术
300137,先河环保
300187,永清环保
002182,云海金属
002322,理工监测
000402,金 融 街
002313,日海通讯
002470,金正大
002540,亚太科技
002292,奥飞动漫
002475,立讯精密
002460,赣锋锂业
002236,大华股份
300070,碧水源
300018,中元华电
300051,三五互联
002241,歌尔声学
002304,洋河股份
000401,冀东水泥
300124,汇川技术
300146,汤臣倍健
002008,大族激光
002256,彩虹精化
002415,海康威视
002027,七喜控股
002513,蓝丰生化
002419,天虹商场
002207,准油股份
002349,精华制药
002282,博深工具
002462,嘉事堂
300180,华峰超纤
002142,宁波银行
002508,老板电器
002311,海大集团
002418,康盛股份
000301,东方市场
002403,爱仕达
002531,天顺风能
002400,省广股份
000338,潍柴动力
002223,鱼跃医疗
002340,格林美
002032,苏泊尔
300039,上海凯宝
002262,恩华药业
300017,网宿科技
002439,启明星辰
002233,塔牌集团
002111,威海广泰
002245,澳洋顺昌
002430,杭氧股份
002199,东晶电子
002268,卫士通
002081,金螳螂
300133,华策影视
300032,金龙机电
002285,世联地产
002501,利源铝业
002152,广电运通
002299,圣农发展
