002093,国脉科技
002038,双鹭药业
300113,顺网科技
000031,中粮地产
300147,香雪制药
002498,汉缆股份
002261,拓维信息
002030,达安基因
002106,莱宝高科
002266,浙富股份
002437,誉衡药业
002078,太阳纸业
002396,星网锐捷
002048,宁波华翔
002479,富春环保
002358,森源电气
002277,友阿股份
001696,宗申动力
002004,华邦制药
002327,富安娜
002022,科华生物
002353,杰瑞股份
300122,智飞生物
002056,横店东磁
000158,常山股份
002366,丹甫股份
002271,东方雨虹
002332,仙琚制药
002491,通鼎光电
300088,长信科技
002309,中利科技
002063,远光软件
002128,露天煤业
000012,南玻Ａ
002431,棕榈园林
002390,信邦制药
002460,赣锋锂业
300159,新研股份
002489,浙江永强
000021,长城开发
000028,一致药业
002407,多氟多
002416,爱施德
300156,天立环保
002249,大洋电机
002344,海宁皮城
002444,巨星科技
002342,巨力索具
002251,步步高
002254,烟台氨纶
002463,沪电股份
002051,中工国际
002392,北京利尔
002317,众生药业
002041,登海种业
002375,亚厦股份
300043,星辉车模
000401,冀东水泥
000025,特力Ａ
002371,七星电子
002050,三花股份
002503,搜于特
002315,焦点科技
300136,信维通信
002238,天威视讯
002001,新和成
002028,思源电气
002512,达华智能
002345,潮宏基
002384,东山精密
002250,联化科技
002002,ST琼花
002073,软控股份
002508,老板电器
002005,德豪润达
002354,科冕木业
002428,云南锗业
002311,海大集团
300026,红日药业
002155,辰州矿业
002482,广田股份
300115,长盈精密
002281,光迅科技
002440,闰土股份
002029,七匹狼
002325,洪涛股份
002191,劲嘉股份
002025,航天电器
300134,大富科技
002269,美邦服饰
002414,高德红外
002400,省广股份
002013,中航精机
300001,特锐德
300055,万邦达
002194,武汉凡谷
002064,华峰氨纶
002217,联合化工
300166,东方国信
002244,滨江集团
002223,鱼跃医疗
002340,格林美
002242,九阳股份
002221,东华能源
002276,万马电缆
002551,尚荣医疗
002410,广联达
002408,齐翔腾达
300039,上海凯宝
002019,鑫富药业
002118,紫鑫药业
002179,中航光电
002308,威创股份
002368,太极股份
002422,科伦药业
000400,许继电气
002018,华星化工
002439,启明星辰
002233,塔牌集团
002399,海普瑞
002122,天马股份
002405,四维图新
002544,杰赛科技
002176,江特电机
002161,远望谷
300010,立思辰
002505,大康牧业
002123,荣信股份
002268,卫士通
002168,深圳惠程
002011,盾安环境
002477,雏鹰农牧
300032,金龙机电
002285,世联地产
002092,中泰化学
002190,成飞集成
002373,联信永益
002273,水晶光电
