002038,双鹭药业
300139,福星晓程
002362,汉王科技
300072,三聚环保
300073,当升科技
300011,鼎汉技术
000402,金 融 街
002271,东方雨虹
300003,乐普医疗
300071,华谊嘉信
300058,蓝色光标
300065,海兰信
300104,乐视网
300038,梅泰诺
002306,湘鄂情
300070,碧水源
300156,天立环保
000151,中成股份
002153,石基信息
300005,探路者
002051,中工国际
002392,北京利尔
300182,捷成股份
002310,东方园林
002371,七星电子
002186,全聚德
002462,嘉事堂
300048,合康变频
002066,瑞泰科技
002279,久其软件
300045,华力创通
002350,北京科锐
002151,北斗星通
300150,世纪瑞尔
300036,超图软件
002467,二六三
300079,数码视讯
300055,万邦达
002065,东华软件
300166,东方国信
002385,大北农
002410,广联达
002504,东光微电
002554,惠博普
002368,太极股份
300117,嘉寓股份
300157,恒泰艾普
300002,神州泰岳
002439,启明星辰
002405,四维图新
300016,北陆药业
300010,立思辰
002542,中化岩土
300075,数字政通
300034,钢研高纳
002148,北纬通信
002383,合众思壮
002373,联信永益
