300174,元力股份
002037,久联发展
300037,新宙邦
300072,三聚环保
002374,丽鹏股份
300064,豫金刚石
002497,雅化集团
002341,新纶科技
002043,兔宝宝
300163,先锋新材
300121,阳谷华泰
002057,中钢天源
002078,太阳纸业
002541,鸿路钢构
300021,大禹节水
002243,通产丽星
300073,当升科技
300080,新大新材
300109,新开源
300057,万顺股份
002326,永太科技
300019,硅宝科技
002226,江南化工
002170,芭田股份
002476,宝莫股份
002004,华邦制药
002108,沧州明珠
002182,云海金属
002271,东方雨虹
002096,南岭民爆
002470,金正大
002540,亚太科技
300160,秀强股份
002409,雅克科技
002377,国创高新
002010,传化股份
002080,中材科技
002324,普利特
000012,南玻Ａ
002443,金洲管道
002460,赣锋锂业
002149,西部材料
000023,深天地Ａ
002165,红宝丽
002203,海亮股份
002407,多氟多
002295,精艺股份
002455,百川股份
002254,烟台氨纶
002392,北京利尔
002565,上海绿新
002206,海利得
000155,川化股份
002318,久立特材
000401,冀东水泥
002225,濮耐股份
002082,栋梁新材
002386,天原集团
002256,彩虹精化
002395,双象股份
300067,安诺其
002068,黑猫股份
002513,蓝丰生化
002378,章源钨业
002521,齐峰股份
300180,华峰超纤
300041,回天胶业
002145,*ST钛白
002250,联化科技
300179,四方达
002002,ST琼花
002066,瑞泰科技
002466,天齐锂业
002428,云南锗业
002109,兴化股份
002150,江苏通润
002360,同德化工
300082,奥克股份
002155,辰州矿业
002125,湘潭电化
002440,闰土股份
300135,宝利沥青
002450,康得新
002167,东方锆业
300054,鼎龙股份
002379,鲁丰股份
002382,蓝帆股份
002172,澳洋科技
002259,升达林业
002427,尤夫股份
002522,浙江众成
002064,华峰氨纶
002359,齐星铁塔
002391,长青股份
002453,天马精化
002478,常宝股份
002302,西部建设
002201,九鼎新材
002067,景兴纸业
002110,三钢闽光
002408,齐翔腾达
002258,利尔化学
002237,恒邦股份
002274,华昌化工
002319,乐通股份
002361,神剑股份
002211,宏达新材
300107,建新股份
002171,精诚铜业
002014,永新股份
002263,大东南
300169,天晟新材
002235,安妮股份
002545,东方铁塔
002246,北化股份
002240,威华股份
002228,合兴包装
002088,鲁阳股份
002233,塔牌集团
002547,春兴精工
002132,恒星科技
002303,美盈森
002493,荣盛石化
002012,凯恩股份
002496,辉丰股份
300034,钢研高纳
002538,司尔特
002215,诺普信
002092,中泰化学
002442,龙星化工
002061,江山化工
002136,安纳达
002501,利源铝业
300132,青松股份
002398,建研集团
002054,德美化工
002114,罗平锌电
002539,新都化工
