002286,保龄宝
002363,隆基机械
002234,民和股份
002498,汉缆股份
002374,丽鹏股份
002117,东港股份
300121,阳谷华泰
002078,太阳纸业
002485,希努尔
002270,法因数控
002476,宝莫股份
002353,杰瑞股份
002469,三维工程
002470,金正大
300175,朗源股份
002355,兴民钢圈
002248,华东数控
002083,孚日股份
002241,歌尔声学
002254,烟台氨纶
002537,海立美达
002041,登海种业
002094,青岛金王
002526,山东矿机
002086,东方海洋
002072,*ST德棉
002521,齐峰股份
300110,华仁药业
002193,山东如意
002073,软控股份
300183,东软载波
002481,双塔食品
002379,鲁丰股份
002382,蓝帆股份
300001,特锐德
002359,齐星铁塔
000338,潍柴动力
002217,联合化工
300185,通裕重工
002107,沃华医药
002242,九阳股份
300099,尤洛卡
002026,山东威达
002408,齐翔腾达
002237,恒邦股份
002545,东方铁塔
002339,积成电子
002088,鲁阳股份
002111,威海广泰
002330,得利斯
002376,新北洋
002458,益生股份
002283,天润曲轴
300105,龙源技术
002490,山东墨龙
