002036,宜科科技
300139,福星晓程
002106,莱宝高科
002446,盛路通信
300114,中航电测
300162,雷曼光电
002396,星网锐捷
002055,得润电子
002058,威尔泰
300137,先河环保
300177,中海达
002056,横店东磁
002456,欧菲光
300042,朗科科技
300014,亿纬锂能
002313,日海通讯
300065,海兰信
300165,天瑞仪器
002528,英飞拓
002491,通鼎光电
300088,长信科技
002309,中利科技
300038,梅泰诺
002475,立讯精密
002189,利达光电
002296,辉煌科技
000021,长城开发
002236,大华股份
002312,三泰电子
002289,宇顺电子
002214,大立科技
002052,同洲电子
002338,奥普光电
002449,国星光电
300167,迪威视讯
002241,歌尔声学
002506,超日太阳
300066,三川股份
002519,银河电子
002463,沪电股份
300130,新国都
002222,福晶科技
002134,天津普林
002371,七星电子
002415,海康威视
002115,三维通信
300136,信维通信
002288,超华科技
000034,ST深泰
002512,达华智能
002484,江海股份
300083,劲胜股份
300155,安居宝
000032,深桑达Ａ
002465,海格通信
300131,英唐智控
002369,卓翼科技
300078,中瑞思创
300115,长盈精密
002151,北斗星通
002281,光迅科技
002546,新联电子
002104,恒宝股份
300127,银河磁体
300128,锦富新材
002137,实益达
300118,东方日升
002436,兴森科技
300134,大富科技
002414,高德红外
300079,数码视讯
002194,武汉凡谷
002180,万力达
300077,国民技术
002049,晶源电子
002217,联合化工
300076,宁波GQY
002388,新亚制程
002389,南洋科技
300184,力源信息
300112,万讯自控
002179,中航光电
002308,威创股份
300111,向日葵
002089,新海宜
000020,深华发Ａ
002402,和而泰
002161,远望谷
002138,顺络电子
002139,拓邦股份
002199,东晶电子
002177,御银股份
300007,汉威电子
002376,新北洋
002197,证通电子
002192,路翔股份
002417,三元达
300032,金龙机电
002383,合众思壮
002190,成飞集成
002188,新嘉联
002017,东信和平
002152,广电运通
002231,奥维通信
002273,水晶光电
