300037,新宙邦
300153,科泰电源
002048,宁波华翔
300073,当升科技
002091,江苏国泰
002101,广东鸿图
002045,广州国光
002056,横店东磁
002182,云海金属
002510,天汽模
300014,亿纬锂能
002540,亚太科技
300116,坚瑞消防
300088,长信科技
002460,赣锋锂业
002356,浩宁达
002407,多氟多
002249,大洋电机
002519,银河电子
002537,海立美达
002441,众业达
002256,彩虹精化
002484,江海股份
002384,东山精密
002074,东源电器
300048,合康变频
300013,新宁物流
002466,天齐锂业
000032,深桑达Ａ
002085,万丰奥威
002070,众和股份
300134,大富科技
002529,海源机械
002196,方正电机
002340,格林美
002452,长高集团
002212,南洋股份
300176,鸿特精密
002389,南洋科技
002263,大东南
300100,双林股份
002547,春兴精工
002405,四维图新
002176,江特电机
002012,凯恩股份
002139,拓邦股份
300068,南都电源
002011,盾安环境
002156,通富微电
002192,路翔股份
002411,九九久
002501,利源铝业
002190,成飞集成
