002362,汉王科技
300173,松德股份
300073,当升科技
002226,江南化工
002270,法因数控
001696,宗申动力
002298,鑫龙电器
300058,蓝色光标
002491,通鼎光电
002309,中利科技
002292,奥飞动漫
002009,天奇股份
002337,赛象科技
300161,华中数控
002253,川大智胜
002380,科远股份
002444,巨星科技
002375,亚厦股份
002565,上海绿新
002535,林州重机
300124,汇川技术
002008,大族激光
002441,众业达
002526,山东矿机
002347,泰尔重工
300044,赛为智能
002209,达意隆
002031,巨轮股份
002116,中国海诚
002527,新时达
002334,英威腾
300126,锐奇股份
002406,远东传动
002472,双环传动
002097,山河智能
002073,软控股份
300131,英唐智控
002369,卓翼科技
300078,中瑞思创
002482,广田股份
300115,长盈精密
300128,锦富新材
002191,劲嘉股份
002403,爱仕达
300098,高新兴
300134,大富科技
002158,汉钟精机
002348,高乐股份
300076,宁波GQY
002067,景兴纸业
002026,山东威达
300154,瑞凌股份
300112,万讯自控
300117,嘉寓股份
002559,亚威股份
002547,春兴精工
002402,和而泰
002122,天马股份
002176,江特电机
002139,拓邦股份
002376,新北洋
002076,雪莱特
002011,盾安环境
002184,海得控制
002426,胜利精密
300024,机器人
002520,日发数码
002367,康力电梯
002230,科大讯飞
300097,智云股份
