300064,豫金刚石
002552,宝鼎重工
002499,科林环保
300114,中航电测
300035,中科电气
300023,宝德股份
300173,松德股份
300080,新大新材
300103,达刚路机
002270,法因数控
000039,中集集团
002353,杰瑞股份
300004,南风股份
002510,天汽模
002204,华锐铸钢
300165,天瑞仪器
300116,坚瑞消防
002532,新界泵业
002480,新筑股份
002530,丰东股份
002009,天奇股份
002337,赛象科技
300159,新研股份
300161,华中数控
002248,华东数控
002338,奥普光电
002444,巨星科技
002342,巨力索具
002487,大金重工
300066,三川股份
002523,天桥起重
002537,海立美达
002445,中南重工
002046,轴研科技
300084,海默科技
002175,广陆数测
002535,林州重机
002423,中原特钢
002526,山东矿机
002347,泰尔重工
300095,华伍股份
002209,达意隆
002031,巨轮股份
002282,博深工具
002147,方圆支承
300126,锐奇股份
300145,南方泵业
002438,江苏神通
002272,川润股份
002278,神开股份
002097,山河智能
300179,四方达
002073,软控股份
002435,长江润发
002150,江苏通润
002459,天业通联
002529,海源机械
002158,汉钟精机
300185,通裕重工
300099,尤洛卡
002006,精功科技
002026,山东威达
300154,瑞凌股份
300112,万讯自控
002483,润邦股份
002514,宝馨科技
002559,亚威股份
002122,天马股份
002132,恒星科技
000157,中联重科
002111,威海广泰
002430,杭氧股份
002164,东力传动
300007,汉威电子
300091,金通灵
300151,昌红科技
002509,天广消防
300034,钢研高纳
002426,胜利精密
300024,机器人
002520,日发数码
002367,康力电梯
300092,科新机电
002490,山东墨龙
300097,智云股份
002021,中捷股份
