002290,禾盛新材
002550,千红制药
002077,大港股份
002090,金智科技
002499,科林环保
002413,常发股份
002091,江苏国泰
300152,燃控科技
002024,苏宁电器
002553,南方轴承
002333,罗普斯金
002182,云海金属
002540,亚太科技
300165,天瑞仪器
002491,通鼎光电
002293,罗莱家纺
002309,中利科技
002255,海陆重工
300160,秀强股份
002409,雅克科技
002080,中材科技
002530,丰东股份
002009,天奇股份
300172,中电环保
002165,红宝丽
300031,宝通带业
002380,科远股份
002455,百川股份
002519,银河电子
002463,沪电股份
002304,洋河股份
002471,中超电缆
002445,中南重工
002323,中联电气
002071,江苏宏宝
002239,金飞达
002315,焦点科技
002395,双象股份
000035,*ST科健
002513,蓝丰生化
002484,江海股份
002384,东山精密
002349,精华制药
002074,东源电器
002438,江苏神通
300013,新宁物流
002002,ST琼花
002435,长江润发
002150,江苏通润
000301,东方市场
002546,新联电子
002104,恒宝股份
300135,宝利沥青
002450,康得新
300128,锦富新材
002464,金利科技
002172,澳洋科技
002531,天顺风能
002127,新民科技
002391,长青股份
002453,天马精化
002223,鱼跃医疗
002478,常宝股份
002221,东华能源
002201,九鼎新材
002516,江苏旷达
002274,华昌化工
002044,江苏三友
002211,宏达新材
002483,润邦股份
002262,恩华药业
002514,宝馨科技
002089,新海宜
300169,天晟新材
002079,苏州固锝
300029,天龙光电
002559,亚威股份
002394,联发股份
002547,春兴精工
002040,南京港
002496,辉丰股份
002245,澳洋顺昌
300091,金通灵
002015,霞客环保
002081,金螳螂
002156,通富微电
002426,胜利精密
002411,九九久
002367,康力电梯
300141,和顺电气
