002166,莱茵生物
300168,万达信息
002363,隆基机械
002103,广博股份
002266,浙富股份
002117,东港股份
002043,兔宝宝
002437,誉衡药业
300163,先锋新材
300162,雷曼光电
002078,太阳纸业
002396,星网锐捷
002485,希努尔
002170,芭田股份
002291,星期六
002277,友阿股份
002327,富安娜
300177,中海达
002397,梦洁家纺
002024,苏宁电器
002401,交技发展
002553,南方轴承
002469,三维工程
300003,乐普医疗
002451,摩恩电气
300071,华谊嘉信
002470,金正大
300058,蓝色光标
002528,英飞拓
002195,海隆软件
002293,罗莱家纺
002095,生 意 宝
002181,粤传媒
300038,梅泰诺
002009,天奇股份
002489,浙江永强
300175,朗源股份
002312,三泰电子
002416,爱施德
300181,佐力药业
002344,海宁皮城
002487,大金重工
002153,石基信息
300063,天龙集团
300005,探路者
002251,步步高
300149,量子高科
002375,亚厦股份
300130,新国都
300022,吉峰农机
300146,汤臣倍健
002094,青岛金王
002209,达意隆
002503,搜于特
002315,焦点科技
002543,万和电气
300067,安诺其
002321,华英农业
002512,达华智能
002561,徐家汇
002345,潮宏基
002419,天虹商场
002072,*ST德棉
300085,银之杰
002154,报喜鸟
002140,东华科技
002462,嘉事堂
002264,新华都
002502,骅威股份
002073,软控股份
002279,久其软件
002005,德豪润达
002557,洽洽食品
002216,三全食品
300131,英唐智控
002183,怡亚通
002354,科冕木业
000301,东方市场
002104,恒宝股份
002280,新世纪
002404,嘉欣丝绸
002069,獐子岛
002029,七匹狼
002325,洪涛股份
002137,实益达
002464,金利科技
002403,爱仕达
300118,东方日升
002556,辉隆股份
002269,美邦服饰
002400,省广股份
002433,太安堂
002127,新民科技
002494,华斯股份
002157,正邦科技
300166,东方国信
002242,九阳股份
002385,大北农
002388,新亚制程
300033,同花顺
002410,广联达
002329,皇氏乳业
300184,力源信息
002319,乐通股份
002336,人人乐
002305,南国置业
002262,恩华药业
002263,大东南
300049,福瑞股份
002235,安妮股份
300002,神州泰岳
300017,网宿科技
002547,春兴精工
000150,宜华地产
300178,腾邦国际
002047,成霖股份
002303,美盈森
002496,辉丰股份
002177,御银股份
002081,金螳螂
002301,齐心文具
002477,雏鹰农牧
002084,海鸥卫浴
300133,华策影视
002417,三元达
002538,司尔特
002215,诺普信
002285,世联地产
300059,东方财富
300093,金刚玻璃
002131,利欧股份
002299,圣农发展
002021,中捷股份
002539,新都化工
