002169,智光电气
002498,汉缆股份
002266,浙富股份
300153,科泰电源
002090,金智科技
002058,威尔泰
002358,森源电气
300011,鼎汉技术
002298,鑫龙电器
002322,理工监测
002335,科华恒盛
002451,摩恩电气
002309,中利科技
002255,海陆重工
300018,中元华电
002356,浩宁达
002249,大洋电机
002506,超日太阳
002471,中超电缆
002323,中联电气
300124,汇川技术
002441,众业达
300140,启源装备
002028,思源电气
300069,金利华电
300129,泰胜风能
002121,科陆电子
002527,新时达
002334,英威腾
002227,奥特迅
002074,东源电器
300040,九洲电气
300048,合康变频
002518,科士达
002202,金风科技
002218,拓日新能
002533,金杯电工
002350,北京科锐
002546,新联电子
300062,中能电气
300120,经纬电材
300118,东方日升
002531,天顺风能
002364,中恒电气
300001,特锐德
002196,方正电机
002112,三变科技
002359,齐星铁塔
002452,长高集团
002212,南洋股份
002276,万马电缆
300111,向日葵
300029,天龙光电
000400,许继电气
002339,积成电子
002300,太阳电缆
002176,江特电机
002534,杭锅股份
300068,南都电源
002123,荣信股份
300105,龙源技术
002168,深圳惠程
002184,海得控制
002560,通达股份
300141,和顺电气
