002035,华帝股份
002351,漫步者
300028,金亚科技
000016,深康佳Ａ
002290,禾盛新材
000017,*ST中华A
002362,汉王科技
002260,伊立浦
002247,帝龙新材
002003,伟星股份
002485,希努尔
002425,凯撒股份
002291,星期六
002327,富安娜
002397,梦洁家纺
002045,广州国光
000158,常山股份
002034,美欣达
002087,新野纺织
002293,罗莱家纺
002292,奥飞动漫
002489,浙江永强
002356,浩宁达
002083,孚日股份
300005,探路者
000100,TCL集团
002543,万和电气
002144,宏达高科
002345,潮宏基
002072,*ST德棉
002154,报喜鸟
002098,浔兴股份
002193,山东如意
002508,老板电器
002005,德豪润达
002418,康盛股份
002404,嘉欣丝绸
002029,七匹狼
002403,爱仕达
002070,众和股份
002269,美邦服饰
002486,嘉麟杰
002420,毅昌股份
002494,华斯股份
002105,信隆实业
002348,高乐股份
002242,九阳股份
002032,苏泊尔
002473,圣莱达
002516,江苏旷达
002042,华孚色纺
300089,长城集团
002173,山下湖
002394,联发股份
002429,兆驰股份
002076,雪莱特
002015,霞客环保
002426,胜利精密
