300125,易世达
002077,大港股份
002266,浙富股份
002126,银轮股份
300072,三聚环保
002043,兔宝宝
002499,科林环保
300163,先锋新材
300035,中科电气
002163,中航三鑫
300021,大禹节水
300019,硅宝科技
002479,富春环保
300137,先河环保
300152,燃控科技
300187,永清环保
002469,三维工程
002034,美欣达
002335,科华恒盛
300065,海兰信
300165,天瑞仪器
002532,新界泵业
002255,海陆重工
300172,中电环保
300070,碧水源
002165,红宝丽
002203,海亮股份
300156,天立环保
002380,科远股份
300012,华测检测
002178,延华智能
002051,中工国际
002323,中联电气
002082,栋梁新材
300140,启源装备
002310,东方园林
300067,安诺其
000035,*ST科健
002334,英威腾
002140,东华科技
300145,南方泵业
300040,九洲电气
002145,*ST钛白
300048,合康变频
002002,ST琼花
300056,三维丝
300082,奥克股份
300135,宝利沥青
002379,鲁丰股份
002531,天顺风能
002259,升达林业
300055,万邦达
002340,格林美
300090,盛运股份
002274,华昌化工
002483,润邦股份
002368,太极股份
002514,宝馨科技
300117,嘉寓股份
300169,天晟新材
000400,许继电气
002088,鲁阳股份
000157,中联重科
002372,伟星新材
300007,汉威电子
300068,南都电源
002123,荣信股份
300105,龙源技术
000027,深圳能源
002015,霞客环保
002210,飞马国际
002092,中泰化学
002398,建研集团
002421,达实智能
