300028,金亚科技
300113,顺网科技
002036,宜科科技
002103,广博股份
002474,榕基软件
300162,雷曼光电
002396,星网锐捷
002226,江南化工
002055,得润电子
002555,顺荣股份
002456,欧菲光
300144,宋城股份
300104,乐视网
002292,奥飞动漫
002431,棕榈园林
002189,利达光电
002253,川大智胜
002236,大华股份
002416,爱施德
300031,宝通带业
002241,歌尔声学
002375,亚厦股份
002445,中南重工
002175,广陆数测
300182,捷成股份
002315,焦点科技
002419,天虹商场
300083,劲胜股份
300045,华力创通
002465,海格通信
002354,科冕木业
002369,卓翼科技
300115,长盈精密
002280,新世纪
002450,康得新
300098,高新兴
300036,超图软件
300134,大富科技
300079,数码视讯
002517,泰亚股份
002486,嘉麟杰
300076,宁波GQY
002504,东光微电
300027,华谊兄弟
002235,安妮股份
300081,恒信移动
300020,银江股份
002232,启明信息
002084,海鸥卫浴
300133,华策影视
300032,金龙机电
002273,水晶光电
