002205,国统股份
002162,斯米克
002374,丽鹏股份
300064,豫金刚石
002541,鸿路钢构
300073,当升科技
300080,新大新材
002328,新朋股份
000039,中集集团
002333,罗普斯金
002182,云海金属
002271,东方雨虹
002540,亚太科技
300160,秀强股份
002080,中材科技
000012,南玻Ａ
002443,金洲管道
002460,赣锋锂业
002149,西部材料
000023,深天地Ａ
002203,海亮股份
002295,精艺股份
002444,巨星科技
002342,巨力索具
002487,大金重工
002102,冠福家用
002392,北京利尔
002445,中南重工
002318,久立特材
000401,冀东水泥
002071,江苏宏宝
002225,濮耐股份
002082,栋梁新材
002297,博云新材
002378,章源钨业
002384,东山精密
300179,四方达
002066,瑞泰科技
002428,云南锗业
002457,青龙管业
002150,江苏通润
002346,柘中建设
002403,爱仕达
002379,鲁丰股份
002359,齐星铁塔
002032,苏泊尔
002478,常宝股份
002302,西部建设
002201,九鼎新材
002110,三钢闽光
002026,山东威达
002237,恒邦股份
300089,长城集团
002171,精诚铜业
002514,宝馨科技
002545,东方铁塔
002088,鲁阳股份
002233,塔牌集团
002547,春兴精工
002132,恒星科技
002047,成霖股份
002352,鼎泰新材
002084,海鸥卫浴
300034,钢研高纳
002501,利源铝业
300093,金刚玻璃
002114,罗平锌电
