002077,大港股份
300037,新宙邦
002497,雅化集团
002341,新纶科技
300035,中科电气
002243,通产丽星
300073,当升科技
300080,新大新材
002091,江苏国泰
002045,广州国光
002108,沧州明珠
002056,横店东磁
300014,亿纬锂能
300116,坚瑞消防
300088,长信科技
002080,中材科技
002460,赣锋锂业
002356,浩宁达
002289,宇顺电子
002407,多氟多
002206,海利得
002239,金飞达
002074,东源电器
002466,天齐锂业
000032,深桑达Ａ
002418,康盛股份
300082,奥克股份
002070,众和股份
002427,尤夫股份
002340,格林美
002389,南洋科技
002171,精诚铜业
002089,新海宜
002263,大东南
300117,嘉寓股份
002240,威华股份
002176,江特电机
002139,拓邦股份
002245,澳洋顺昌
300068,南都电源
002192,路翔股份
002426,胜利精密
002411,九九久
002190,成飞集成
