000016,深康佳Ａ
000017,*ST中华A
000004,ST国农
300072,三聚环保
002247,帝龙新材
300121,阳谷华泰
000036,华联控股
002479,富春环保
002555,顺荣股份
002045,广州国光
300187,永清环保
002034,美欣达
300116,坚瑞消防
002195,海隆软件
002080,中材科技
000037,深南电Ａ
002530,丰东股份
002355,兴民钢圈
000011,深物业A
002295,精艺股份
300031,宝通带业
000401,冀东水泥
002371,七星电子
002515,金字火腿
002315,焦点科技
300136,信维通信
000034,ST深泰
002334,英威腾
300110,华仁药业
300083,劲胜股份
002145,*ST钛白
300102,乾照光电
002135,东南网架
002109,兴化股份
002155,辰州矿业
002069,獐子岛
300128,锦富新材
002013,中航精机
002517,泰亚股份
000338,潍柴动力
002217,联合化工
002221,东华能源
002408,齐翔腾达
300184,力源信息
002089,新海宜
002018,华星化工
000020,深华发Ａ
002240,威华股份
002088,鲁阳股份
002233,塔牌集团
000150,宜华地产
000019,深深宝Ａ
002139,拓邦股份
002534,杭锅股份
002199,东晶电子
002283,天润曲轴
002092,中泰化学
002061,江山化工
002136,安纳达
